holla,35,12,420
sshjdj,67,56,3752
nrelknr,76,55,4180
hkgg,8797,88,774136
shsui,767,56,42952
lkjkhk,44,45,1980
uuuit,67,6,402
hkhug6,78,76,5928
oijhoi,89,8,712
,,,0
kkh,76,776,58976
lhihi,78,8,624
,,,0
,,,0
,,,0
jljljliiio,78,776,60528
jljlkjjl,56,56,3136
,,,0
hiuhih,67,7,469
ljlijio,78,88,6864
khhi,78,87,6786
jlfkjlfdji,9879,978,9661662
lkjlkjlk,87,87,7569
kjlji,88,878,77264
iuhih,7,878,6146
khkhhu,78,78,6084
kjhkhh,687,878,603186
lhoiio,676,76,51376
jkjnk,787,7,5509
khhu,87788,8768,769725184
ljfijo,78,767,59826
kjkhkhk,67,767,51389
lkiiyo,6886,767,5281562
gugigiu,878,76,66728
ytddy,987,979,966273
lhhl,897,86,77142
,,,0
ndsu,6576,7656,50345856
ihih,787,76,59812
jjo,899,89,80011
ljfddjf,89,89,7921
nbbiub,888,89,79032
hi,77,87,6699
liug,67,788,52796
kjbyf,87,87,7569
kjhhiu,7,878,6146
uihiuhihi,7787,687,5349669
lkjij,788,78,61464
;lj;j;jihoh,878,89,78142
ljijoj,76,67,5092
oijioj,898,988,887224
,,,0
,,,0
,,,0
,,,0
,,,0
,,,0
,,,0
,,,0
,,,0
,,,0
lkjlji,77777777,88,6844444376
rejijor76478,8787687,67,588775029,undefined
jljlj,76786,767,58894862,undefined
,,,0,undefined
kjkhku,786,99878,78504108,undefined
,,,0,undefined
